year,incidence,vacEfficacy,doses,perc_H1,perc_H3,perc_B
2010-11,21096749,60,155.1,25.48464535,41.39414802,33.12120663
2011-12,9231004,47,132,19.8795462,57.04281246,23.07764135
2012-13,35590424,49,134.9,3.540435062,57.52301283,38.93655211
2013-14,28445377,52,135.5,69.16973053,10.4016382,20.42863127
2014-15,34292299,19,147.8,0.362414687,70.81635892,28.82122639
2015-16,24577163,48,146.4,54.51337427,15.36099936,30.12562637