year,incidence,vacEfficacy,doses,perc_H1,perc_H3,perc_B,hospitalizations,mortality,H1_0,H1_5,H1_25,H1_65,H3_0,H3_5,H3_25,H3_65,B_0,B_5,B_25,B_65
mean (all years),25538836,45.83333333,141.95,28.82502435,42.0898283,29.08514735,391833.3333,13788.66667,14.07186861,29.78359142,48.56614182,7.578398147,12.01339283,29.77442696,30.13408232,28.0780979,12.38223169,42.38692446,31.16791918,14.06292468