year,incidence,vacEfficacy,doses,perc_H1,perc_H3,perc_B
high_h3,27694524,48,141350000,11.70999063,57.28291265,30.97121651