year,incidence,vacEfficacy,doses,perc_H1,perc_H3,perc_B,hospitalizations,mortality
2010-11,21096749,60,1.55E+08,25.48464535,41.39414802,33.12120663,282000,13541
2011-12,9231004,47,1.32E+08,19.8795462,57.04281246,23.07764135,139000,4154
2012-13,35590424,49,1.35E+08,3.540435062,57.52301283,38.93655211,593000,19962
2014-15,34292299,19,1.48E+08,0.362414687,70.81635892,28.82122639,707000,19490