iter,incidence(millions),beta_H1,beta_H3,beta_B,susceptibility_H1_0,susceptibility_H1_5,susceptibility_H1_25,susceptibility_H1_65,susceptibility_H3_0,susceptibility_H3_5,susceptibility_H3_25,susceptibility_H3_65,susceptibility_B_0,susceptibility_B_5,susceptibility_B_25,susceptibility_B_65,vac_eff_hospitalization,vac_eff_mortality,prob_hosp_scaling,prob_death_scaling
4089,29.333506398782657,0.001378550734433659,0.0015275167847694782,0.002305822726591855,0.570764921202657,0.8780506249254583,0.920221893158219,0.8876145021326791,0.9988999476142633,0.7795238266726563,0.6424669808751425,1.0,0.7444222179960682,0.49750211150427126,0.4253423815505736,0.8336045748730188,0.29952369806112783,0.5474630225611647,0.00011358949449175038,8.420980569878722e-05
